-- phpMyAdmin SQL Dump
-- version 4.9.7
-- https://www.phpmyadmin.net/
--
-- Servidor: localhost:3306
-- Tiempo de generación: 18-11-2021 a las 14:05:07
-- Versión del servidor: 5.7.36
-- Versión de PHP: 7.3.32

SET SQL_MODE = "NO_AUTO_VALUE_ON_ZERO";
SET AUTOCOMMIT = 0;
START TRANSACTION;
SET time_zone = "+00:00";


/*!40101 SET @OLD_CHARACTER_SET_CLIENT=@@CHARACTER_SET_CLIENT */;
/*!40101 SET @OLD_CHARACTER_SET_RESULTS=@@CHARACTER_SET_RESULTS */;
/*!40101 SET @OLD_COLLATION_CONNECTION=@@COLLATION_CONNECTION */;
/*!40101 SET NAMES utf8mb4 */;

--
-- Base de datos: `floriste_capullos`
--

-- --------------------------------------------------------

--
-- Estructura de tabla para la tabla `category`
--

CREATE TABLE `category` (
  `id_category` int(11) NOT NULL,
  `name` varchar(50) CHARACTER SET utf8 COLLATE utf8_spanish_ci NOT NULL,
  `status` enum('ACTIVE','INACTIVE') CHARACTER SET utf8 COLLATE utf8_spanish_ci NOT NULL
) ENGINE=InnoDB DEFAULT CHARSET=utf8 COLLATE=utf8_spanish2_ci;

--
-- Volcado de datos para la tabla `category`
--

INSERT INTO `category` (`id_category`, `name`, `status`) VALUES
(6, 'JARRONES Y SOLITARIOS', 'ACTIVE'),
(7, 'FLORES Y FRUTAS', 'ACTIVE'),
(8, 'RAMILLETES', 'ACTIVE'),
(9, 'CAJAS DECORADAS', 'ACTIVE'),
(10, 'ARREGLOS', 'ACTIVE'),
(11, 'FUNEBRES', 'ACTIVE');

-- --------------------------------------------------------

--
-- Estructura de tabla para la tabla `city`
--

CREATE TABLE `city` (
  `id` int(11) NOT NULL,
  `name_city` varchar(50) CHARACTER SET utf8mb4 NOT NULL,
  `status` enum('ACTIVE','INACTIVE') CHARACTER SET utf8mb4 NOT NULL,
  `state_id` int(11) NOT NULL
) ENGINE=InnoDB DEFAULT CHARSET=utf8 COLLATE=utf8_spanish2_ci;

--
-- Volcado de datos para la tabla `city`
--

INSERT INTO `city` (`id`, `name_city`, `status`, `state_id`) VALUES
(1, 'SINCELEJO', 'ACTIVE', 1),
(2, 'COROZAL', 'ACTIVE', 1),
(3, 'SAMPUES', 'ACTIVE', 1),
(4, 'TOLUVIEJO', 'ACTIVE', 1),
(5, 'TOLU', 'ACTIVE', 1),
(6, 'COVEÑAS', 'ACTIVE', 1),
(7, 'SAN ANTONIO DE PALMITO', 'ACTIVE', 1),
(8, 'LOS PALMITOS', 'ACTIVE', 1),
(9, 'SAN ONOFRE', 'ACTIVE', 1),
(10, 'BETULIA', 'ACTIVE', 1),
(11, 'GALERAS', 'ACTIVE', 1),
(12, 'SINCE', 'ACTIVE', 1),
(13, 'CHINU', 'ACTIVE', 2),
(14, 'MONTERIA', 'INACTIVE', 2),
(15, 'CARTAGENA', 'INACTIVE', 3),
(16, 'MEDELLIN', 'INACTIVE', 4),
(17, 'BARRANQUILLA', 'INACTIVE', 5),
(18, 'BUCARAMANGA', 'INACTIVE', 6);

-- --------------------------------------------------------

--
-- Estructura de tabla para la tabla `company_configuration`
--

CREATE TABLE `company_configuration` (
  `id_config` int(11) NOT NULL,
  `nit` int(11) NOT NULL,
  `name` varchar(50) CHARACTER SET utf8mb4 NOT NULL,
  `social_reason` varchar(100) CHARACTER SET utf8mb4 NOT NULL,
  `phone_fixed` varchar(60) CHARACTER SET utf8mb4 NOT NULL,
  `email` varchar(40) CHARACTER SET utf8mb4 NOT NULL,
  `address` varchar(50) CHARACTER SET utf8mb4 NOT NULL,
  `iva` int(11) NOT NULL,
  `banner_image` varchar(45) CHARACTER SET utf8mb4 DEFAULT NULL,
  `phone_mobile` varchar(45) CHARACTER SET utf8mb4 DEFAULT NULL,
  `whatsapp` varchar(45) CHARACTER SET utf8mb4 DEFAULT NULL
) ENGINE=InnoDB DEFAULT CHARSET=utf8 COLLATE=utf8_spanish2_ci;

--
-- Volcado de datos para la tabla `company_configuration`
--

INSERT INTO `company_configuration` (`id_config`, `nit`, `name`, `social_reason`, `phone_fixed`, `email`, `address`, `iva`, `banner_image`, `phone_mobile`, `whatsapp`) VALUES
(1, 25914741, 'Floristeria capullos', 'Floristeria', '2815814', 'contacto@floristeriacapullos.com', 'Cra 14 # 15 - 144 la pajuela.', 0, NULL, '3226163368', '3226163368');

-- --------------------------------------------------------

--
-- Estructura de tabla para la tabla `country`
--

CREATE TABLE `country` (
  `id` int(11) NOT NULL,
  `name_country` varchar(50) CHARACTER SET utf8mb4 NOT NULL,
  `status` enum('ACTIVE','INACTIVE') CHARACTER SET utf8mb4 NOT NULL
) ENGINE=InnoDB DEFAULT CHARSET=utf8 COLLATE=utf8_spanish2_ci;

--
-- Volcado de datos para la tabla `country`
--

INSERT INTO `country` (`id`, `name_country`, `status`) VALUES
(1, 'COLOMBIA', 'ACTIVE');

-- --------------------------------------------------------

--
-- Estructura de tabla para la tabla `occasions`
--

CREATE TABLE `occasions` (
  `id_ocaciones` int(11) NOT NULL,
  `name_ocaciones` varchar(50) CHARACTER SET utf8 COLLATE utf8_spanish_ci NOT NULL,
  `status` enum('ACTIVE','INACTIVE') CHARACTER SET utf8 COLLATE utf8_spanish_ci NOT NULL,
  `category` int(11) NOT NULL
) ENGINE=InnoDB DEFAULT CHARSET=utf8 COLLATE=utf8_spanish2_ci;

--
-- Volcado de datos para la tabla `occasions`
--

INSERT INTO `occasions` (`id_ocaciones`, `name_ocaciones`, `status`, `category`) VALUES
(1, 'CUMPLEAÑOS', 'ACTIVE', 10),
(2, 'ANIVERSARIO', 'ACTIVE', 10),
(3, 'RECONCILIACIÓN', 'ACTIVE', 10),
(4, 'SAN VALENTÍN', 'ACTIVE', 10),
(5, 'AMOR Y AMISTAD', 'ACTIVE', 10),
(6, 'DÍA DE LA MADRE', 'ACTIVE', 10),
(7, 'GRADOS', 'ACTIVE', 10),
(8, 'NACIMIENTO', 'ACTIVE', 10),
(9, 'CONDOLENCIAS', 'ACTIVE', 10);

-- --------------------------------------------------------

--
-- Estructura de tabla para la tabla `orders`
--

CREATE TABLE `orders` (
  `id_orders` int(11) NOT NULL,
  `id_product` int(11) NOT NULL,
  `date` varchar(45) CHARACTER SET utf8mb4 DEFAULT NULL,
  `fecha_entrega` varchar(10) CHARACTER SET utf8mb4 NOT NULL,
  `hora_entrega` varchar(10) CHARACTER SET utf8mb4 NOT NULL,
  `user` int(45) DEFAULT NULL,
  `quantity` int(11) NOT NULL,
  `subtotal` int(11) NOT NULL,
  `amount` float DEFAULT NULL,
  `order_code` varchar(45) CHARACTER SET utf8mb4 DEFAULT NULL,
  `operation_code` varchar(45) CHARACTER SET utf8mb4 DEFAULT NULL,
  `status` varchar(50) CHARACTER SET utf8mb4 NOT NULL,
  `payment_method` varchar(45) CHARACTER SET utf8mb4 DEFAULT NULL,
  `bank` varchar(45) CHARACTER SET utf8mb4 DEFAULT NULL
) ENGINE=InnoDB DEFAULT CHARSET=utf8 COLLATE=utf8_spanish2_ci;

--
-- Volcado de datos para la tabla `orders`
--

INSERT INTO `orders` (`id_orders`, `id_product`, `date`, `fecha_entrega`, `hora_entrega`, `user`, `quantity`, `subtotal`, `amount`, `order_code`, `operation_code`, `status`, `payment_method`, `bank`) VALUES
(1, 39, '2021-07-03', '2021-07-04', '15:01', 1, 1, 48000, 48000, '544357801625328153', 'jmpqKnxyHCuQfiTwp', 'Aceptada', 'EPAYCO', 'NEQUI');

-- --------------------------------------------------------

--
-- Estructura de tabla para la tabla `product`
--

CREATE TABLE `product` (
  `id_product` int(11) NOT NULL,
  `namep` varchar(45) COLLATE utf8_spanish2_ci DEFAULT NULL,
  `image_product` varchar(45) COLLATE utf8_spanish2_ci DEFAULT NULL,
  `description` longtext COLLATE utf8_spanish2_ci,
  `price` float DEFAULT NULL,
  `category` int(11) DEFAULT NULL,
  `occasions` int(11) DEFAULT NULL,
  `status` enum('ACTIVE','INACTIVE') COLLATE utf8_spanish2_ci DEFAULT NULL,
  `additions` enum('SI','NO') COLLATE utf8_spanish2_ci DEFAULT NULL,
  `secondary_sentences` varchar(500) COLLATE utf8_spanish2_ci DEFAULT NULL
) ENGINE=InnoDB DEFAULT CHARSET=utf8 COLLATE=utf8_spanish2_ci;

--
-- Volcado de datos para la tabla `product`
--

INSERT INTO `product` (`id_product`, `namep`, `image_product`, `description`, `price`, `category`, `occasions`, `status`, `additions`, `secondary_sentences`) VALUES
(4, 'ENAMORADO', '1614816828.jpg', 'HERMOSO RAMO PARA OBSEQUIAR COMPUESTO POR 16 ROSAS ROJAS, GLADIOLOS Y FOLLAJE VERDE.', 129900, 10, 2, 'ACTIVE', 'NO', 'NACIMIENTO,DÍA DE LA MADRE,AMOR Y AMISTAD,SAN VALENTÍN,RECONCILIACIÓN,ANIVERSARIO,CUMPLEAÑOS'),
(5, 'ENERGIA', '1614816973.jpeg', 'EL GIRASOL SIMBOLIZA LA FELICIDAD, LA VITALIDAD, EL POSITIVISMO Y LA ENERGÍA. CAUTIVA A TUS SERES QUERIDOS Y LLENA SU ENTORNO DE BUENAS SENSACIONES CON UN HERMOSO RAMO DE 8 GIRASOLES Y FOLLAJE VERDE.', 115900, 10, 1, 'ACTIVE', 'NO', 'DÍA DE LA MADRE,AMOR Y AMISTAD,SAN VALENTÍN,RECONCILIACIÓN,ANIVERSARIO,CUMPLEAÑOS'),
(6, 'DE GALA', '1614817082.jpeg', 'LAS FLORES PUEDEN REPRESENTAR ELEGANCIA Y GLAMUR, INMORTALIZA MOMENTOS DE GRAN IMPORTANCIA, CON UN DETALLE EXCLUSIVO Y ORIGINAL, ARREGLO DE 36 ROSAS ROSADAS, BLANCAS Y ROJAS ACOMPAÑADAS DE FOLLAJE VERDE Y DORADO.', 219900, 10, 7, 'ACTIVE', 'NO', 'GRADOS,ANIVERSARIO'),
(7, 'ENAMORADO', '1614817164.jpg', 'HERMOSO RAMO PARA OBSEQUIAR COMPUESTO POR 16 ROSAS ROJAS, GLADIOLOS Y FOLLAJE VERDE.', 129900, 10, 1, 'ACTIVE', 'NO', 'NACIMIENTO,DÍA DE LA MADRE,AMOR Y AMISTAD,SAN VALENTÍN,ANIVERSARIO,CUMPLEAÑOS'),
(8, 'CONSTELACIÓN', '1614817249.jpeg', 'EL UNIVERSO NATURAL NOS PONE A DISPOSICIÓN UNA VARIEDAD DE FORMAS Y COLORES QUE NOS ENAMORAN. ESTE HERMOSO ARREGLO DE 12 ROSAS ROJAS Y 4 GIRASOLES PUEDEN TRASMITIR MÚLTIPLES SENTIMIENTOS. ', 128900, 10, 1, 'ACTIVE', 'NO', 'DÍA DE LA MADRE,AMOR Y AMISTAD,SAN VALENTÍN,RECONCILIACIÓN,ANIVERSARIO,CUMPLEAÑOS'),
(9, 'AMANECER', '1614817387.jpg', 'NO DEJES PASAR POR ALTO LA FECHA ESPECIAL DE UN SER QUERIDO, RECUÉRDALES QUE SIEMPRE ESTAS PRESENTE CON UN MAJESTUOSO ARREGLO COMPUESTO POR 25 ROSAS AMARILLAS, LIRIOS, ASTROMELIAS Y FOLLAJE VERDE.', 158900, 10, 1, 'ACTIVE', 'NO', 'DÍA DE LA MADRE,AMOR Y AMISTAD,SAN VALENTÍN,RECONCILIACIÓN,ANIVERSARIO,CUMPLEAÑOS'),
(10, 'LOVE', '1614817464.jpg', 'HERMOSO RAMO PARA OBSEQUIAR COMPUESTO POR 24 ROSAS ROJAS, LIRIOS Y FOLLAJE VERDE, ACOMPAÑADO DE UNA CAJA DE CHOCOLATE FERRERO X 8 UNIDADES Y GLOBO DE CORAZÓN.', 182900, 10, 1, 'ACTIVE', 'NO', 'DÍA DE LA MADRE,AMOR Y AMISTAD,SAN VALENTÍN,RECONCILIACIÓN,ANIVERSARIO,CUMPLEAÑOS'),
(11, 'ARTE Y FLORES', '1614817524.jpg', 'TRASLADA EL ENCANTO DE LA NATURALEZA A LAS MANOS DE UNA PERSONA ESPECIAL, CON UNA OBRA DE ARTE DE FLORES, COMPUESTO DE 12 ROSAS ROJAS, 4 ANTURIOS, 2 EXÓTICAS Y UN GLOBO, ACOMPAÑADAS DE FOLLAJE VERDE.', 115000, 10, 1, 'ACTIVE', 'NO', 'DÍA DE LA MADRE,AMOR Y AMISTAD,SAN VALENTÍN,RECONCILIACIÓN,ANIVERSARIO,CUMPLEAÑOS'),
(12, 'ROMANTICO', '1614817601.jpeg', 'SORPRENDE Y ENAMORA CON 24 ROSAS ROJAS CUIDADOSAMENTE SELECCIONADAS Y ORGANIZADAS EN UNA CAJA DECORADA CON UN MOÑO ROJO.', 129900, 9, 1, 'ACTIVE', 'NO', 'DÍA DE LA MADRE,AMOR Y AMISTAD,SAN VALENTÍN,RECONCILIACIÓN,ANIVERSARIO,CUMPLEAÑOS'),
(13, 'DULCE BESO', '1614817683.jpeg', 'LA EXPRESIÓN TE AMO, CONTENIDA EN UNA HERMOSA CAJA EN FORMA DE CORAZÓN LLENA CON 30 ROSAS ROJAS Y 8 BOMBONES DE CHOCOLATE FERRERO. EL REGALO PERFECTO PARA CONQUISTAR.', 160000, 9, 1, 'ACTIVE', 'NO', 'DÍA DE LA MADRE,AMOR Y AMISTAD,SAN VALENTÍN,RECONCILIACIÓN,ANIVERSARIO,CUMPLEAÑOS'),
(14, 'FELICIDAD', '1614817747.jpeg', 'COMPARTE TUS SENTIMIENTOS CON LOS QUE APRECIAS, EN LOS MOMENTOS MÁS ESPECIALES DE SUS VIDAS. REGALA UNA HERMOSA CAJA DE CORAZÓN DECORADA QUE CONTIENE 24 HERMOSAS ROSAS, 8 BOMBONES DE CHOCOLATE Y DOS GLOBOS.', 165000, 9, 1, 'ACTIVE', 'NO', 'DÍA DE LA MADRE,AMOR Y AMISTAD,SAN VALENTÍN,RECONCILIACIÓN,ANIVERSARIO,CUMPLEAÑOS'),
(15, 'MELODIA', '1614817898.jpg', 'HAZ QUE ESTE DÍA ESPECIAL SEA INOLVIDABLE, CON UNA HERMOSA CAJA DE 18 ROSAS ROJAS, ACOMPAÑADA DE PÉTALOS Y UNA CAJA DE CHOCOLATE FERRERO X 16 UND', 145000, 9, 1, 'ACTIVE', 'NO', 'DÍA DE LA MADRE,AMOR Y AMISTAD,SAN VALENTÍN,RECONCILIACIÓN,ANIVERSARIO,CUMPLEAÑOS'),
(16, 'ATARDECER', '1614817982.jpeg', 'ACOMPAÑA UNA VELADA ESPECIAL CON UN INESPERADO OBSEQUIO, CAJA CON 8 ROSAS ROJAS Y 4 AMARILLAS ACOMPAÑADAS DE FOLLAJE VERDE Y UNA BOTELLA DE VINO.', 140900, 9, 1, 'ACTIVE', 'NO', 'DÍA DE LA MADRE,AMOR Y AMISTAD,SAN VALENTÍN,RECONCILIACIÓN,ANIVERSARIO,CUMPLEAÑOS'),
(17, 'EUFORIA', '1614818232.jpeg', 'UN DÍA ESPECIAL Y DE CELEBRACIÓN REQUIERE UN REGALO A LA ALTURA, ENVÍA 22 ROSAS AMARILLAS Y ROSADAS CUIDADOSAMENTE UBICADAS EN BASE DE MADERA, ACOMPAÑADA DE BOTELLA DE CHAMPAÑA Y CAJA DE CHOCOLATES FERRERO X 8 UNIDADES', 221900, 9, 1, 'ACTIVE', 'NO', 'DÍA DE LA MADRE,AMOR Y AMISTAD,SAN VALENTÍN,RECONCILIACIÓN,ANIVERSARIO,CUMPLEAÑOS'),
(18, 'TROPICAL', '1614820669.jpeg', 'ENCANTADOR ARREGLO CON MEZCLA DE FLORES Y FRUTAS PARA CUALQUIER OCASIÓN ESPECIAL, CONTIENE 10 ROSAS ROJAS, 2 GIRASOLES, 1 CAJA DE CHOCOLATES FERRERO X 10 UNIDADES Y FRUTAS SURTIDAS.', 169900, 7, 1, 'ACTIVE', 'NO', 'DÍA DE LA MADRE,AMOR Y AMISTAD,SAN VALENTÍN,RECONCILIACIÓN,ANIVERSARIO,CUMPLEAÑOS'),
(19, 'ANCHETA', '1614820731.jpeg', 'ENCANTADOR ARREGLO CON MEZCLA DE FLORES Y FRUTAS PARA CUALQUIER OCASIÓN ESPECIAL, CONTIENE 12 ROSAS ROJAS, 2 HORTENSIAS, 1 Y FRUTAS SURTIDAS SOBRE BASE DE MADERA', 139900, 7, 8, 'ACTIVE', 'NO', 'DÍA DE LA MADRE,AMOR Y AMISTAD,SAN VALENTÍN,RECONCILIACIÓN,ANIVERSARIO,CUMPLEAÑOS'),
(20, 'BELLEZA TROPICAL', '1614820844.jpeg', 'ENCANTADOR ARREGLO CON MEZCLA DE FLORES Y FRUTAS PARA CUALQUIER OCASIÓN ESPECIAL, CONTIENE 7 ROSAS NARANJA, 2 GIRASOLES, 3 AVES DEL PARAÍSO Y FRUTAS SURTIDAS.', 159900, 7, 1, 'ACTIVE', 'NO', 'DÍA DE LA MADRE,AMOR Y AMISTAD,SAN VALENTÍN,RECONCILIACIÓN,ANIVERSARIO,CUMPLEAÑOS'),
(21, 'RACIMO DE AMOR', '1614821163.jpeg', 'ENCANTADOR ARREGLO CON MEZCLA DE FLORES Y FRUTAS PARA CUALQUIER OCASIÓN ESPECIAL, CONTIENE 10 ROSAS ROSAS, 4 GIRASOLES, 3 AVES DEL PARAÍSO Y FRUTAS SURTIDAS.', 169900, 7, 1, 'ACTIVE', 'NO', 'DÍA DE LA MADRE,AMOR Y AMISTAD,SAN VALENTÍN,RECONCILIACIÓN,ANIVERSARIO,CUMPLEAÑOS'),
(22, 'SOL TROPICAL', '1614821401.jpeg', 'ENCANTADOR ARREGLO CON MEZCLA DE FLORES Y FRUTAS PARA CUALQUIER OCASIÓN ESPECIAL, CONTIENE 2 GIRASOLES, SOLIDAGO, FOLLAJE VERDE, FRUTAS SURTIDAS Y BOTELLA DE VINO.', 135000, 7, 1, 'ACTIVE', 'NO', 'DÍA DE LA MADRE,AMOR Y AMISTAD,SAN VALENTÍN,RECONCILIACIÓN,ANIVERSARIO,CUMPLEAÑOS'),
(23, 'MAR DE ROSAS', '1614821489.jpeg', 'ENCANTADOR ARREGLO CON MEZCLA DE FLORES Y FRUTAS PARA CUALQUIER OCASIÓN ESPECIAL, CONTIENE 15 ROSAS ROSAS, 3 GIRASOLES, 2 HELICONIAS Y FRUTAS SURTIDAS.', 158900, 7, 5, 'ACTIVE', 'NO', 'DÍA DE LA MADRE,AMOR Y AMISTAD,SAN VALENTÍN,RECONCILIACIÓN,ANIVERSARIO,CUMPLEAÑOS'),
(24, 'CASCADA DE COLORES', '1614821719.jpeg', 'SORPRENDE CON UN DETALLE ESPECIAL, RAMILLETE CON DOCENA DE ROSAS VARIADAS ACOMPAÑADAS DE FOLLAJE VERDE, ENVUELTAS EN BOLSA TRANSPARENTE Y UN MOÑO ROJO.', 85900, 8, 1, 'ACTIVE', 'NO', 'DÍA DE LA MADRE,AMOR Y AMISTAD,SAN VALENTÍN,RECONCILIACIÓN,ANIVERSARIO,CUMPLEAÑOS'),
(25, 'ESPERANZA', '1614821790.jpeg', 'DESPIERTA UNA SONRISA Y UN MOMENTO DE FELICIDAD, REGALA UN HERMOSO RAMILLETE CON 8 ROSAS AMARILLAS, ESPIGOS DE ASTROMELIAS Y SOLIDAGO CON ENVOLTURA EN PAPEL DE COLOR Y UN MOÑO AMARILLO.', 85900, 8, 1, 'ACTIVE', 'NO', 'DÍA DE LA MADRE,AMOR Y AMISTAD,SAN VALENTÍN,RECONCILIACIÓN,ANIVERSARIO,CUMPLEAÑOS'),
(26, 'TRES SOLES', '1614821867.jpeg', 'ILUMINA EL DÍA A UNA PERSONA ESPECIAL CON UN RAMILLETE DE TRES HERMOSOS GIRASOLES, FOLLAJE VERDE Y ENVOLTURA DE PAPEL, ACOMPAÑADO POR UN GLOBO. ', 65900, 8, 1, 'ACTIVE', 'NO', 'DÍA DE LA MADRE,AMOR Y AMISTAD,SAN VALENTÍN,RECONCILIACIÓN,ANIVERSARIO,CUMPLEAÑOS'),
(27, 'AFRODITA', '1614821943.jpeg', 'EL AMOR TOMA FORMA DE ROSA, OBSEQUIA UN RAMILLETE CON UNA DOCENA DE ROSAS ROJAS ACOMPAÑADAS DE UN TIERNO PELUCHE.', 105000, 8, 1, 'ACTIVE', 'NO', 'DÍA DE LA MADRE,AMOR Y AMISTAD,SAN VALENTÍN,RECONCILIACIÓN,ANIVERSARIO'),
(28, 'RESIGNACION', '1614822162.jpeg', 'PARA EL INEVITABLE MOMENTO DEL ÚLTIMO ADIÓS, CORONA DE FULLY Y MARGARITAS BLANCAS, CON MOÑO EN ROSAS BLANCAS Y FOLLAJE VERDE.', 190000, 11, 9, 'ACTIVE', 'NO', ''),
(29, 'ETERNIDAD', '1614822213.jpeg', 'PARA EL INEVITABLE MOMENTO DEL ÚLTIMO ADIÓS, CORONA DE FULLY Y MARGARITAS BLANCAS, CON MOÑO EN ROSAS BLANCAS Y FOLLAJE VERDE.', 190000, 11, 9, 'ACTIVE', 'NO', ''),
(30, 'DESPEDIDA', '1614822333.jpeg', 'PARA ENVIAR UN MENSAJE DE CONDOLENCIAS A FAMILIARES Y AMIGOS, RAMO CON VARIEDAD DE FLORES BLANCAS (ROSAS, ORTENCIAS, AZUCENAS, FULLY Y MARGARITAS CON FOLLAJE VERDE.', 135000, 11, 9, 'ACTIVE', 'NO', ''),
(31, 'FORTALEZA', '1614822428.jpeg', 'PARA ENVIAR UN MENSAJE DE CONDOLENCIAS A FAMILIARES Y AMIGOS, RAMO CON FULLY Y ROSAS BLANCAS ACOMPAÑADA DE FOLLAJE VERDE.', 115000, 11, 9, 'ACTIVE', 'NO', ''),
(32, 'ETERNO', '1614822509.jpeg', 'PARA EL INEVITABLE MOMENTO DEL ÚLTIMO ADIÓS, CORONA DE FULLY Y MARGARITAS BLANCAS, Y ORTENCIAS.', 150000, 11, 9, 'ACTIVE', 'NO', ''),
(33, 'NOSTALGIA', '1614822584.jpeg', 'PARA ENVIAR UN MENSAJE DE CONDOLENCIAS A FAMILIARES Y AMIGOS, RAMO CON 20 ROSAS AMARILLAS Y AZUCENAS ACOMPAÑADA DE FOLLAJE VERDE.', 180000, 11, 9, 'ACTIVE', 'NO', ''),
(34, 'MELANCOLIA', '1614822649.jpeg', 'PARA EL INEVITABLE MOMENTO DEL ÚLTIMO ADIÓS, CORONA DE FULLY Y MARGARITAS BLANCAS, CON MOÑO EN ROSAS ROJAS Y FOLLAJE VERDE ', 190000, 11, 9, 'ACTIVE', 'NO', ''),
(35, 'PRIMAVERA', '1614822722.jpeg', 'HAZ QUE FLOREZCAN LOS SENTIMIENTOS Y SE ILUMINE MÁS EL DÍA PARA ESA PERSONA ESPECIAL, REGALA UN HERMOSO FLORERO DE 18 ROSAS ROSADAS. BASE DE CRISTAL.\r\n', 130000, 6, 1, 'ACTIVE', 'NO', 'NACIMIENTO,DÍA DE LA MADRE,AMOR Y AMISTAD,SAN VALENTÍN,ANIVERSARIO,CUMPLEAÑOS'),
(38, 'CAJA DE CHOCOLATE', '1618870466.jpg', 'CAJA FERRERO X 16 UNIDADES', 40000, NULL, NULL, 'ACTIVE', 'SI', NULL),
(39, 'TENTACIÓN   ', '', 'RAMILLETE CON 5 ROSAS Y DOS GIRASOLES. ', 48990, 11, 9, 'INACTIVE', 'NO', 'NACIMIENTO,GRADOS,DÍA DE LA MADRE,AMOR Y AMISTAD,SAN VALENTÍN,RECONCILIACIÓN,ANIVERSARIO,CUMPLEAÑOS'),
(40, 'ROSAS Y ANTURIOS', '1634223004.jpeg', 'ARREGLO COMPUESTO POR 14 ROSAS ROJAS, 3 ANTURIOS Y FOLLAJE VERDE', 134990, 10, 1, 'ACTIVE', 'NO', 'NACIMIENTO,GRADOS,DÍA DE LA MADRE,AMOR Y AMISTAD,SAN VALENTÍN,RECONCILIACIÓN,ANIVERSARIO,CUMPLEAÑOS'),
(41, 'GIRASOLES', '1634223067.jpeg', 'HERMOSO ARREGLO COMPUESTO POR 4 GIRASOLES, HELECHOS Y DRACENA SOBRE BASE DE MADERA', 67990, 10, 1, 'ACTIVE', 'NO', 'NACIMIENTO,GRADOS,DÍA DE LA MADRE,AMOR Y AMISTAD,SAN VALENTÍN,RECONCILIACIÓN,ANIVERSARIO,CUMPLEAÑOS'),
(42, 'LINDO DETALLE ', '1634223166.jpeg', 'ARREGLO CON 5 ROSAS ROJAS, 2 ANTURIOS, HELICONIA Y AVE DEL PARAÍSO, ACOMPAÑADO DE FOLLAJE VERDE.', 73990, 10, 1, 'ACTIVE', 'NO', 'NACIMIENTO,GRADOS,DÍA DE LA MADRE,AMOR Y AMISTAD,SAN VALENTÍN,RECONCILIACIÓN,ANIVERSARIO,CUMPLEAÑOS'),
(43, 'SOL Y LUNA', '1634226313.jpeg', 'ARREGLO CON UNA DOCENA DE ROSAS ROJAS, 3 GIRASOLES, GLADIOLOS, ACOMPAÑADO DE PALMAS Y FOLLAJE VERDE.', 145990, 10, 1, 'ACTIVE', 'NO', 'NACIMIENTO,GRADOS,DÍA DE LA MADRE,AMOR Y AMISTAD,SAN VALENTÍN,RECONCILIACIÓN,ANIVERSARIO,CUMPLEAÑOS'),
(44, 'CORAZÓN ROJO', '1634228517.jpeg', 'RAMO DE 16 ROSAS ROJAS, 3 GIRASOLES, 2 ANTURIOS, GYPSOPHILA Y FOLLAJE VERDE', 186990, 10, 1, 'ACTIVE', 'NO', 'NACIMIENTO,GRADOS,DÍA DE LA MADRE,AMOR Y AMISTAD,SAN VALENTÍN,RECONCILIACIÓN,ANIVERSARIO,CUMPLEAÑOS'),
(45, 'PRIMAVERA', '1634228591.jpeg', 'ARREGLO DE 18 ROSAS EN TONOS AMARILLO Y NARANJA, ACOMPAÑADO DE AVES DEL PARAÍSO Y FOLLAJE VERDE', 159990, 10, 1, 'ACTIVE', 'NO', 'NACIMIENTO,GRADOS,DÍA DE LA MADRE,AMOR Y AMISTAD,SAN VALENTÍN,RECONCILIACIÓN,ANIVERSARIO,CUMPLEAÑOS'),
(46, 'INSPIRACIÓN', '1634228653.jpeg', 'ARREGLO FLORAL COMPUESTO POR 6 ROSAS NARANJADAS, 2 AVES DEL PARAÍSO, UNA RAMA DE AZUCENA Y FOLLAJE VERDE.', 81990, 10, 1, 'ACTIVE', 'NO', 'NACIMIENTO,GRADOS,DÍA DE LA MADRE,AMOR Y AMISTAD,SAN VALENTÍN,RECONCILIACIÓN,ANIVERSARIO,CUMPLEAÑOS'),
(47, 'GIRASOLES ETERNO', '1634228705.jpeg', 'ARREGLO COMPUESTO POR 9 HERMOSOS GIRASOLES, ACOMPAÑADO DE AVES DEL PARAÍSO Y FOLLAJE VERDE', 117990, 10, 1, 'ACTIVE', 'NO', 'NACIMIENTO,GRADOS,DÍA DE LA MADRE,AMOR Y AMISTAD,SAN VALENTÍN,RECONCILIACIÓN,ANIVERSARIO,CUMPLEAÑOS'),
(48, 'FIESTA', '1634229144.jpeg', 'ARREGLO CON MEZCLA DE 3 GIRASOLES, ROSAS COLOR VARIADO, FRUTAS, CAJA DE CHOCOLATES, UN GLOBO Y FOLLAJE FINO, IDEAL PARA REGALAR EN FECHAS ESPECIALES.', 212990, 7, 1, 'ACTIVE', 'NO', 'NACIMIENTO,GRADOS,DÍA DE LA MADRE,AMOR Y AMISTAD,SAN VALENTÍN,RECONCILIACIÓN,ANIVERSARIO,CUMPLEAÑOS'),
(49, 'VIÑA', '1634229232.jpeg', 'ENCANTADOR ARREGLO COMPUESTO POR 5 ROSAS, AZUCENAS, 2 GIRASOLES, UN RACIMO DE UVAS CHILENAS, MANZANAS VERDES Y GRANADILLA, SOBRE BASE DE MADERA.', 149990, 7, 1, 'ACTIVE', 'NO', 'NACIMIENTO,GRADOS,DÍA DE LA MADRE,AMOR Y AMISTAD,SAN VALENTÍN,RECONCILIACIÓN,ANIVERSARIO,CUMPLEAÑOS'),
(50, 'ESCARLATA', '1634229284.jpeg', 'ARREGLO CON 16 ROSAS ROJAS, 3 ANTURIOS ROJOS, RAMA DE AZUCENA Y FRUTAS VARIADAS, SOBRE BASE DE MADERA, ACOMPAÑADO DE FOLLAJE VERDE.', 196990, 7, 1, 'ACTIVE', 'NO', 'NACIMIENTO,GRADOS,DÍA DE LA MADRE,AMOR Y AMISTAD,SAN VALENTÍN,RECONCILIACIÓN,ANIVERSARIO,CUMPLEAÑOS'),
(51, 'JARDÍN CELESTIAL', '1634229350.jpeg', 'MARAVILLOSO ARREGLO DE UNA DOCENA DE ROSAS ROJAS, MEZCLA DE HERMOSAS Y FRESCAS FRUTAS, GLADIOLOS Y FINO FOLLAJE.', 164990, 7, 1, 'ACTIVE', 'NO', 'NACIMIENTO,GRADOS,DÍA DE LA MADRE,AMOR Y AMISTAD,SAN VALENTÍN,RECONCILIACIÓN,ANIVERSARIO,CUMPLEAÑOS'),
(52, 'CONSUELO', '1634229458.jpeg', 'RAMO FÚNEBRE EN ROSAS BLANCAS, ACOMPAÑADO DE FULLY, AZUCENAS Y PALMAS MARIPOSAS.', 149990, 11, 9, 'ACTIVE', 'NO', 'CONDOLENCIAS'),
(53, 'DUELO', '1634229553.jpeg', 'RAMO FÚNEBRE COMPUESTO POR ROSAS BLANCAS, AZUCENAS,  GYPSOPHILA, ACOMPAÑADO DE FINO FOLLAJE.', 219990, 11, 9, 'ACTIVE', 'NO', 'CONDOLENCIAS'),
(54, 'REMANSO ', '1634229615.jpeg', 'CORONA FÚNEBRE CON MOÑO EN ROSAS Y AZUCENAS, CON CUERPO EN FULLY BLANCO.', 179990, 11, 9, 'ACTIVE', 'NO', 'CONDOLENCIAS'),
(55, 'ETERNIDAD', '1634229719.jpeg', 'CRUZ FÚNEBRE COMPUESTA POR HORTENSIAS BLANCAS Y LILAS, FULLYS Y MARGARITAS BLANCAS.', 229990, 11, 9, 'ACTIVE', 'NO', 'CONDOLENCIAS'),
(56, 'JARDIN', '1634229781.jpeg', 'HERMOSO FLORERO CON VARIEDAD DE COLORES, COMPUESTO POR ROSAS Y GERBERAS, ACOMPAÑADO DE FINO FOLLAJE', 135990, 6, 1, 'ACTIVE', 'NO', 'NACIMIENTO,GRADOS,DÍA DE LA MADRE,AMOR Y AMISTAD,SAN VALENTÍN,RECONCILIACIÓN,ANIVERSARIO,CUMPLEAÑOS'),
(57, 'AMOR INFINITO', '1634231258.jpeg', 'CORAZÓN EN ROSAS ACOMPAÑADO CON FOLLAJE RUSCO, EUCALIPTO, HELECHO Y GIPSOFILIA.', 309990, 10, 1, 'ACTIVE', 'NO', 'NACIMIENTO,GRADOS,DÍA DE LA MADRE,AMOR Y AMISTAD,SAN VALENTÍN,RECONCILIACIÓN,ANIVERSARIO,CUMPLEAÑOS');

-- --------------------------------------------------------

--
-- Estructura de tabla para la tabla `shipping`
--

CREATE TABLE `shipping` (
  `id_shipping` int(11) NOT NULL,
  `country` varchar(100) CHARACTER SET utf8mb4 NOT NULL,
  `state` varchar(45) CHARACTER SET utf8mb4 DEFAULT NULL,
  `city` varchar(45) CHARACTER SET utf8mb4 DEFAULT NULL,
  `address1` varchar(45) CHARACTER SET utf8mb4 DEFAULT NULL,
  `address2` varchar(45) CHARACTER SET utf8mb4 DEFAULT NULL,
  `names` varchar(45) CHARACTER SET utf8mb4 DEFAULT NULL,
  `phone` varchar(45) CHARACTER SET utf8mb4 DEFAULT NULL,
  `from` varchar(45) CHARACTER SET utf8mb4 DEFAULT NULL,
  `for` varchar(45) CHARACTER SET utf8mb4 DEFAULT NULL,
  `message` varchar(1000) CHARACTER SET utf8mb4 DEFAULT NULL,
  `note` varchar(1000) CHARACTER SET utf8mb4 DEFAULT NULL,
  `payment_status` varchar(45) CHARACTER SET utf8mb4 DEFAULT NULL,
  `date_complete` varchar(45) CHARACTER SET utf8mb4 DEFAULT NULL,
  `request_status` varchar(45) CHARACTER SET utf8mb4 DEFAULT NULL,
  `id_sold_product` int(11) DEFAULT NULL,
  `id_user` int(11) DEFAULT NULL,
  `id_orders` int(11) NOT NULL
) ENGINE=InnoDB DEFAULT CHARSET=utf8 COLLATE=utf8_spanish2_ci;

--
-- Volcado de datos para la tabla `shipping`
--

INSERT INTO `shipping` (`id_shipping`, `country`, `state`, `city`, `address1`, `address2`, `names`, `phone`, `from`, `for`, `message`, `note`, `payment_status`, `date_complete`, `request_status`, `id_sold_product`, `id_user`, `id_orders`) VALUES
(1, 'Colombia', 'SUCRE', 'SINCELEJO', 'DG 41B 42C-60', 'BARRIO  NORMANDIA', 'LEIDY MELISSA BEDOYA', '3133580263', 'ADRIAN ATENCIA CALY', 'TE QUIERO ', 'MY LEIDY', 'la casa esta al lado del super giro en la principal de Normandía(casa de dos pisos)', 'Aceptada', '2021-07-06', 'COMPLETADO', 1, 1, 1);

-- --------------------------------------------------------

--
-- Estructura de tabla para la tabla `sold_products`
--

CREATE TABLE `sold_products` (
  `id_soldProduct` int(11) NOT NULL,
  `id_product` int(11) NOT NULL,
  `quantity` int(11) NOT NULL,
  `price` int(11) NOT NULL,
  `total` int(11) NOT NULL,
  `hora` varchar(45) CHARACTER SET utf8mb4 DEFAULT NULL,
  `dia` varchar(45) CHARACTER SET utf8mb4 DEFAULT NULL,
  `mes` varchar(45) CHARACTER SET utf8mb4 DEFAULT NULL,
  `año` varchar(45) CHARACTER SET utf8mb4 DEFAULT NULL,
  `fecha` varchar(45) CHARACTER SET utf8mb4 DEFAULT NULL
) ENGINE=InnoDB DEFAULT CHARSET=utf8 COLLATE=utf8_spanish2_ci;

--
-- Volcado de datos para la tabla `sold_products`
--

INSERT INTO `sold_products` (`id_soldProduct`, `id_product`, `quantity`, `price`, `total`, `hora`, `dia`, `mes`, `año`, `fecha`) VALUES
(1, 39, 1, 48000, 48000, '11:02:33', '03', '07', '2021', '2021-07-03');

-- --------------------------------------------------------

--
-- Estructura de tabla para la tabla `state`
--

CREATE TABLE `state` (
  `id` int(11) NOT NULL,
  `name_state` varchar(50) CHARACTER SET utf8mb4 NOT NULL,
  `status` enum('ACTIVE','INACTIVE') CHARACTER SET utf8mb4 NOT NULL,
  `country_id` int(11) NOT NULL
) ENGINE=InnoDB DEFAULT CHARSET=utf8 COLLATE=utf8_spanish2_ci;

--
-- Volcado de datos para la tabla `state`
--

INSERT INTO `state` (`id`, `name_state`, `status`, `country_id`) VALUES
(1, 'SUCRE', 'ACTIVE', 1),
(2, 'CORDOBA', 'ACTIVE', 1),
(3, 'BOLIVAR', 'ACTIVE', 1),
(4, 'ANTIOQUIA ', 'ACTIVE', 1),
(5, 'ATLANTICO', 'ACTIVE', 1),
(6, 'SANTANDER', 'ACTIVE', 1);

-- --------------------------------------------------------

--
-- Estructura de tabla para la tabla `users`
--

CREATE TABLE `users` (
  `id_users` int(11) NOT NULL,
  `email` varchar(45) CHARACTER SET utf8mb4 NOT NULL,
  `password` varchar(45) CHARACTER SET utf8mb4 NOT NULL,
  `name` varchar(50) CHARACTER SET utf8mb4 NOT NULL,
  `surname` varchar(55) CHARACTER SET utf8mb4 NOT NULL,
  `address` varchar(45) CHARACTER SET utf8mb4 DEFAULT NULL,
  `address2` varchar(45) CHARACTER SET utf8mb4 DEFAULT NULL,
  `city` varchar(45) CHARACTER SET utf8mb4 DEFAULT NULL,
  `departament` varchar(45) CHARACTER SET utf8mb4 DEFAULT NULL,
  `country` varchar(45) CHARACTER SET utf8mb4 DEFAULT NULL,
  `phone` varchar(45) CHARACTER SET utf8mb4 DEFAULT NULL,
  `image_profile` varchar(45) CHARACTER SET utf8mb4 NOT NULL,
  `type` enum('SUPER','ADMINISTRADOR','CLIENTE') CHARACTER SET utf8mb4 NOT NULL,
  `status` enum('ACTIVE','INACTIVE') CHARACTER SET utf8mb4 NOT NULL,
  `token` varchar(50) CHARACTER SET utf8mb4 DEFAULT NULL,
  `token_password` varchar(50) CHARACTER SET utf8mb4 DEFAULT NULL,
  `password_request` varchar(45) CHARACTER SET utf8mb4 DEFAULT NULL,
  `last_login` datetime DEFAULT NULL
) ENGINE=InnoDB DEFAULT CHARSET=utf8 COLLATE=utf8_spanish2_ci;

--
-- Volcado de datos para la tabla `users`
--

INSERT INTO `users` (`id_users`, `email`, `password`, `name`, `surname`, `address`, `address2`, `city`, `departament`, `country`, `phone`, `image_profile`, `type`, `status`, `token`, `token_password`, `password_request`, `last_login`) VALUES
(1, 'adrianandres1998@gmail.com', 'a05c0220614a3476868da6ce623467e67dba566e', 'Adrian Andres', 'Atencia Caly', 'CR 19 A N21-32', 'CR 19 A N21-32', 'SAN MARCOS ', 'SUCRE', 'COLOMBIA', '3133580263', '1614734241.jpg', 'SUPER', 'ACTIVE', NULL, 'a732334afd2844aa99ceef604ec3be8c', '1', '2021-10-22 16:02:59'),
(2, 'wilber.bertel@cecar.edu.co', '40bd001563085fc35165329ea1ff5c5ecbdbbeef', 'WILBER ', 'BERTEL TOSCANO', 'DIRECCION ', NULL, 'SINCELEJO', 'SUCRE', 'COLOMBIA', '11111', '1628007728.jpeg', 'SUPER', 'ACTIVE', NULL, NULL, NULL, '2021-10-15 11:38:07'),
(3, 'administrador@floristeriacapullos.com', '80315637380dbbf00293e701510d7dbeb3747ead', 'MARTA ', 'FIGUEROA', NULL, NULL, NULL, NULL, NULL, NULL, 'default.png', 'SUPER', 'ACTIVE', 'ebb169d4e798f07bf7febf4651d03210', '80149a6b4a507d6befd76867abdea92d', '1', '2021-10-15 12:16:39'),
(4, 'Juancarlosrepiso@hotmail.com', 'fdf34f1a9c0b0098892afd8bdf5df0f09e32e6cf', 'Juan carlos', 'Repiso martinez', NULL, NULL, NULL, NULL, 'España', '+34667007308', 'default.png', 'CLIENTE', 'ACTIVE', '210703594aaf6f41666afe2619f52c50', NULL, NULL, '2021-06-08 21:29:33');

--
-- Índices para tablas volcadas
--

--
-- Indices de la tabla `category`
--
ALTER TABLE `category`
  ADD PRIMARY KEY (`id_category`);

--
-- Indices de la tabla `city`
--
ALTER TABLE `city`
  ADD PRIMARY KEY (`id`),
  ADD KEY `state_id` (`state_id`);

--
-- Indices de la tabla `company_configuration`
--
ALTER TABLE `company_configuration`
  ADD PRIMARY KEY (`id_config`);

--
-- Indices de la tabla `country`
--
ALTER TABLE `country`
  ADD PRIMARY KEY (`id`);

--
-- Indices de la tabla `occasions`
--
ALTER TABLE `occasions`
  ADD PRIMARY KEY (`id_ocaciones`),
  ADD KEY `category` (`category`);

--
-- Indices de la tabla `orders`
--
ALTER TABLE `orders`
  ADD PRIMARY KEY (`id_orders`),
  ADD KEY `user` (`user`),
  ADD KEY `id_product` (`id_product`);

--
-- Indices de la tabla `product`
--
ALTER TABLE `product`
  ADD PRIMARY KEY (`id_product`),
  ADD KEY `category` (`category`),
  ADD KEY `occasions` (`occasions`);

--
-- Indices de la tabla `shipping`
--
ALTER TABLE `shipping`
  ADD PRIMARY KEY (`id_shipping`),
  ADD KEY `id_sold_product` (`id_sold_product`),
  ADD KEY `id_user` (`id_user`),
  ADD KEY `id_sold_product_2` (`id_sold_product`),
  ADD KEY `id_user_2` (`id_user`),
  ADD KEY `id_orders` (`id_orders`);

--
-- Indices de la tabla `sold_products`
--
ALTER TABLE `sold_products`
  ADD PRIMARY KEY (`id_soldProduct`),
  ADD KEY `id_product` (`id_product`);

--
-- Indices de la tabla `state`
--
ALTER TABLE `state`
  ADD PRIMARY KEY (`id`),
  ADD KEY `country_id` (`country_id`);

--
-- Indices de la tabla `users`
--
ALTER TABLE `users`
  ADD PRIMARY KEY (`id_users`),
  ADD UNIQUE KEY `email` (`email`);

--
-- AUTO_INCREMENT de las tablas volcadas
--

--
-- AUTO_INCREMENT de la tabla `category`
--
ALTER TABLE `category`
  MODIFY `id_category` int(11) NOT NULL AUTO_INCREMENT, AUTO_INCREMENT=12;

--
-- AUTO_INCREMENT de la tabla `city`
--
ALTER TABLE `city`
  MODIFY `id` int(11) NOT NULL AUTO_INCREMENT, AUTO_INCREMENT=19;

--
-- AUTO_INCREMENT de la tabla `company_configuration`
--
ALTER TABLE `company_configuration`
  MODIFY `id_config` int(11) NOT NULL AUTO_INCREMENT, AUTO_INCREMENT=2;

--
-- AUTO_INCREMENT de la tabla `country`
--
ALTER TABLE `country`
  MODIFY `id` int(11) NOT NULL AUTO_INCREMENT, AUTO_INCREMENT=2;

--
-- AUTO_INCREMENT de la tabla `occasions`
--
ALTER TABLE `occasions`
  MODIFY `id_ocaciones` int(11) NOT NULL AUTO_INCREMENT, AUTO_INCREMENT=10;

--
-- AUTO_INCREMENT de la tabla `orders`
--
ALTER TABLE `orders`
  MODIFY `id_orders` int(11) NOT NULL AUTO_INCREMENT, AUTO_INCREMENT=2;

--
-- AUTO_INCREMENT de la tabla `product`
--
ALTER TABLE `product`
  MODIFY `id_product` int(11) NOT NULL AUTO_INCREMENT, AUTO_INCREMENT=58;

--
-- AUTO_INCREMENT de la tabla `shipping`
--
ALTER TABLE `shipping`
  MODIFY `id_shipping` int(11) NOT NULL AUTO_INCREMENT, AUTO_INCREMENT=2;

--
-- AUTO_INCREMENT de la tabla `sold_products`
--
ALTER TABLE `sold_products`
  MODIFY `id_soldProduct` int(11) NOT NULL AUTO_INCREMENT, AUTO_INCREMENT=2;

--
-- AUTO_INCREMENT de la tabla `state`
--
ALTER TABLE `state`
  MODIFY `id` int(11) NOT NULL AUTO_INCREMENT, AUTO_INCREMENT=7;

--
-- AUTO_INCREMENT de la tabla `users`
--
ALTER TABLE `users`
  MODIFY `id_users` int(11) NOT NULL AUTO_INCREMENT, AUTO_INCREMENT=5;

--
-- Restricciones para tablas volcadas
--

--
-- Filtros para la tabla `city`
--
ALTER TABLE `city`
  ADD CONSTRAINT `city_ibfk_1` FOREIGN KEY (`state_id`) REFERENCES `state` (`id`) ON DELETE CASCADE ON UPDATE CASCADE;

--
-- Filtros para la tabla `occasions`
--
ALTER TABLE `occasions`
  ADD CONSTRAINT `occasions_ibfk_1` FOREIGN KEY (`category`) REFERENCES `category` (`id_category`) ON DELETE CASCADE ON UPDATE CASCADE;

--
-- Filtros para la tabla `orders`
--
ALTER TABLE `orders`
  ADD CONSTRAINT `orders_ibfk_1` FOREIGN KEY (`user`) REFERENCES `users` (`id_users`) ON DELETE NO ACTION ON UPDATE NO ACTION,
  ADD CONSTRAINT `orders_ibfk_2` FOREIGN KEY (`id_product`) REFERENCES `product` (`id_product`) ON DELETE NO ACTION ON UPDATE NO ACTION;

--
-- Filtros para la tabla `product`
--
ALTER TABLE `product`
  ADD CONSTRAINT `product_ibfk_1` FOREIGN KEY (`category`) REFERENCES `category` (`id_category`) ON DELETE CASCADE ON UPDATE CASCADE,
  ADD CONSTRAINT `product_ibfk_2` FOREIGN KEY (`occasions`) REFERENCES `occasions` (`id_ocaciones`) ON DELETE CASCADE ON UPDATE CASCADE;

--
-- Filtros para la tabla `shipping`
--
ALTER TABLE `shipping`
  ADD CONSTRAINT `shipping_ibfk_1` FOREIGN KEY (`id_user`) REFERENCES `users` (`id_users`) ON DELETE SET NULL ON UPDATE SET NULL,
  ADD CONSTRAINT `shipping_ibfk_2` FOREIGN KEY (`id_sold_product`) REFERENCES `sold_products` (`id_soldProduct`) ON DELETE NO ACTION ON UPDATE NO ACTION,
  ADD CONSTRAINT `shipping_ibfk_3` FOREIGN KEY (`id_orders`) REFERENCES `orders` (`id_orders`) ON DELETE NO ACTION ON UPDATE NO ACTION;

--
-- Filtros para la tabla `sold_products`
--
ALTER TABLE `sold_products`
  ADD CONSTRAINT `sold_ibfk_1` FOREIGN KEY (`id_product`) REFERENCES `product` (`id_product`) ON DELETE NO ACTION ON UPDATE NO ACTION;

--
-- Filtros para la tabla `state`
--
ALTER TABLE `state`
  ADD CONSTRAINT `state_ibfk_1` FOREIGN KEY (`country_id`) REFERENCES `country` (`id`) ON DELETE CASCADE ON UPDATE CASCADE;
COMMIT;

/*!40101 SET CHARACTER_SET_CLIENT=@OLD_CHARACTER_SET_CLIENT */;
/*!40101 SET CHARACTER_SET_RESULTS=@OLD_CHARACTER_SET_RESULTS */;
/*!40101 SET COLLATION_CONNECTION=@OLD_COLLATION_CONNECTION */;
